order_id,amount,payment_value,freight_value,items_count,delivery_days
ORD-1000,874.36,461.36,32.68,1,9
ORD-1001,795.22,158.67,42.31,1,13
ORD-1002,893.17,874.31,17.03,2,3
ORD-1003,1002.27,223.03,40.63,1,8
ORD-1004,783.27,405.45,19.26,4,17
ORD-1005,550000.00,910.05,17.89,1,17
ORD-1006,1009.27,910.49,17.91,2,21
ORD-1007,908.10,608.75,41.32,4,13
ORD-1008,753.94,655.47,35.95,2,4
ORD-1009,880.07,508.76,30.83,2,16
ORD-1010,754.69,384.57,24.92,3,4
ORD-1011,754.41,412.93,43.58,3,6
ORD-1012,842.61,50000.00,26.13,2,19
ORD-1013,574.00,48500.00,41.40,2,5
ORD-1014,597.47,783.26,27.81,2,15
ORD-1015,742.37,781.69,25.57,3,11
ORD-1016,686.22,222.96,28.66,3,9
ORD-1017,851.61,545.54,22.85,1,17
ORD-1018,699.28,196.05,38.91,1,13
ORD-1019,636.43,589.62,30.10,2,22
ORD-1020,995.11,503.22,20.36,4,4
ORD-1021,784.31,860.16,44.38,4,17
ORD-1022,820.87,430.73,25.82,3,16
ORD-1023,634.88,243.65,31.57,3,22
ORD-1024,744.60,264.39,44.63,3,24
ORD-1025,826.27,759.21,34.47,2,13
ORD-1026,669.00,644.57,16.21,4,5
ORD-1027,859.27,230.90,45.83,1,19
ORD-1028,737.59,217.29,34.60,2,14
ORD-1029,776.10,710.78,24.06,1,23
ORD-1030,737.46,208.21,17.01,1,17
ORD-1031,1043.30,807.49,40.58,2,18
ORD-1032,810.77,714.99,34.32,1,7
ORD-1033,680.63,215.08,31.20,4,22
ORD-1034,914.96,217.87,44.18,1,8
ORD-1035,660.30,939.31,40.39,4,21
ORD-1036,838.48,449.42,17.46,4,7
ORD-1037,568.22,446.51,23.22,4,5
ORD-1038,646.92,800.24,20.95,3,3
ORD-1039,836.98,907.80,38.78,1,8
ORD-1040,904.49,938.80,13.21,2,17
ORD-1041,833.81,752.70,32.52,2,4
ORD-1042,798.04,451.01,39.45,1,5
ORD-1043,774.92,216.80,43.56,3,19
ORD-1044,628.18,771.72,24.31,3,14
ORD-1045,722.74,596.72,41.57,4,20
ORD-1046,755.04,489.38,15.98,1,17
ORD-1047,944.20,875.08,42.47,1,14
ORD-1048,855.28,238.96,16.59,2,18
ORD-1049,592.72,544.10,26.30,1,10
ORD-1050,852.84,159.08,40.70,3,16
ORD-1051,764.46,524.93,17.40,1,19
ORD-1052,728.09,195.04,20.25,2,23
ORD-1053,888.68,245.05,38.00,4,10
ORD-1054,940.94,244.02,37.92,2,17
ORD-1055,928.52,669.37,35.08,2,16
ORD-1056,707.86,746.84,36.98,4,20
ORD-1057,773.91,616.70,31.54,2,22
ORD-1058,853.74,919.74,21.06,2,9
ORD-1059,934.03,449.90,24.45,1,5
ORD-1060,752.73,378.57,18.54,1,14
ORD-1061,789.31,844.88,44.70,4,23
ORD-1062,674.57,328.88,33.00,1,5
ORD-1063,663.37,920.58,26.43,1,22
ORD-1064,913.72,159.72,28.63,2,16
ORD-1065,981.48,925.90,46.10,3,17
ORD-1066,803.48,184.53,17.52,1,16
ORD-1067,937.52,862.91,33.10,3,9
ORD-1068,857.52,572.16,30.21,1,19
ORD-1069,732.05,944.37,34.01,1,14
ORD-1070,857.49,209.04,12.65,4,22
ORD-1071,1004.14,593.08,43.40,4,6
ORD-1072,807.99,925.44,45.56,4,11
ORD-1073,1007.45,568.48,32.34,3,8
ORD-1074,485.95,653.52,37.08,2,18
ORD-1075,914.88,706.60,45.21,1,24
ORD-1076,823.30,513.63,37.46,1,24
ORD-1077,775.18,652.05,17.49,1,23
ORD-1078,823.89,617.45,32.75,3,23
ORD-1079,564.74,870.93,33.84,4,4
ORD-1080,785.07,186.36,27.27,2,10
ORD-1081,856.96,374.77,38.51,3,13
ORD-1082,996.64,910.33,45.64,4,15
ORD-1083,747.86,862.21,45.32,3,19
ORD-1084,711.69,514.53,28.23,2,10
ORD-1085,749.92,646.11,16.08,4,23
ORD-1086,926.54,371.90,47.45,3,20
ORD-1087,853.42,300.50,42.20,2,20
ORD-1088,746.43,520.96,16.49,1,16
ORD-1089,876.42,432.68,45.15,2,17
ORD-1090,824.55,616.92,43.32,1,8
ORD-1091,933.17,212.19,30.68,3,13
ORD-1092,724.95,929.52,33.29,4,15
ORD-1093,771.61,938.97,26.36,4,3
ORD-1094,763.58,708.53,13.97,3,8
ORD-1095,630.05,578.88,24.07,4,11
ORD-1096,849.36,397.62,40.90,4,10
ORD-1097,844.99,801.04,12.17,1,13
ORD-1098,813.09,697.78,24.01,3,24
ORD-1099,783.21,280.09,26.33,2,21
ORD-1100,636.05,878.74,31.35,1,11
ORD-1101,760.02,808.03,45.11,3,19
ORD-1102,769.74,909.84,24.47,1,14
ORD-1103,712.46,730.58,24.49,2,16
ORD-1104,792.35,640.73,38.55,2,17
ORD-1105,862.81,484.59,28.28,3,18
ORD-1106,1047.53,896.18,20.09,2,24
ORD-1107,834.21,842.85,28.29,1,24
ORD-1108,844.55,186.17,17.07,2,22
ORD-1109,803.17,171.09,18.35,1,3
ORD-1110,573.31,451.17,29.94,1,12
ORD-1111,809.15,798.44,27.08,2,10
ORD-1112,819.96,939.82,44.93,3,20
ORD-1113,1119.44,270.33,25.05,4,3
ORD-1114,788.48,625.30,32.90,2,4
ORD-1115,850.03,454.71,34.76,1,3
ORD-1116,808.12,925.93,12.47,1,3
ORD-1117,666.80,823.70,35.89,2,11
ORD-1118,954.88,820.66,18.41,3,15
ORD-1119,906.16,524.95,46.60,3,3
ORD-1120,911.04,481.86,17.35,1,15
ORD-1121,699.11,368.73,26.93,1,22
ORD-1122,987.28,195.10,15.07,3,24
ORD-1123,637.74,841.78,47.89,4,9
ORD-1124,885.59,800.32,30.08,2,4
ORD-1125,1085.45,949.77,33.43,1,8
ORD-1126,689.00,947.31,14.41,1,9
ORD-1127,741.87,594.35,39.00,3,16
ORD-1128,824.87,765.19,19.56,2,20
ORD-1129,749.70,905.81,44.33,3,17
ORD-1130,619.19,829.72,19.39,2,4
ORD-1131,821.00,347.88,18.86,2,12
ORD-1132,680.06,510.44,13.32,2,14
ORD-1133,871.47,253.33,28.99,1,19
ORD-1134,697.86,913.24,32.33,4,10
ORD-1135,1005.62,634.94,14.37,3,13
ORD-1136,714.83,332.91,39.92,4,5
ORD-1137,772.31,687.36,28.32,3,8
ORD-1138,913.84,644.50,30.88,2,11
ORD-1139,659.05,436.53,27.87,1,8
ORD-1140,840.80,240.85,26.43,4,11
ORD-1141,975.36,687.26,32.15,1,9
ORD-1142,612.11,566.25,17.59,3,11
ORD-1143,835.46,767.85,18.55,1,20
ORD-1144,844.84,566.13,43.02,1,14
ORD-1145,909.89,831.75,46.06,4,10
ORD-1146,658.29,591.53,25.44,2,10
ORD-1147,647.88,598.75,21.75,1,20
ORD-1148,877.50,851.32,35.18,2,22
ORD-1149,849.46,472.79,26.71,3,17
ORD-1150,843.67,257.21,12.91,1,9
ORD-1151,855.63,173.03,17.62,4,13
ORD-1152,727.70,754.11,37.78,3,22
ORD-1153,841.40,646.25,35.72,3,18
ORD-1154,848.98,713.26,12.98,4,6
ORD-1155,723.42,320.37,19.99,1,8
ORD-1156,1044.98,259.10,20.32,1,24
ORD-1157,871.50,161.64,36.19,3,5
ORD-1158,663.98,430.47,12.71,1,11
ORD-1159,894.28,621.93,15.75,2,12
ORD-1160,690.98,463.80,40.80,4,16
ORD-1161,910.54,499.98,18.43,2,13
ORD-1162,956.85,873.33,35.50,1,20
ORD-1163,710.17,428.60,20.57,3,24
ORD-1164,932.52,561.19,15.58,4,14
ORD-1165,863.89,776.92,20.75,1,14
ORD-1166,914.90,467.23,38.00,1,15
ORD-1167,1048.85,647.67,42.81,3,15
ORD-1168,781.87,839.89,41.89,3,21
ORD-1169,718.51,909.62,26.30,2,21
ORD-1170,701.59,267.66,36.05,4,16
ORD-1171,710.78,891.27,19.38,4,6
ORD-1172,802.84,543.69,22.55,3,15
ORD-1173,854.97,356.60,44.27,2,10
ORD-1174,846.93,517.31,12.47,4,23
ORD-1175,915.54,934.03,15.08,3,21
ORD-1176,814.07,544.09,19.48,1,14
ORD-1177,993.60,413.00,12.96,4,20
ORD-1178,779.47,656.72,18.53,2,8
ORD-1179,1151.46,342.12,32.99,2,20
ORD-1180,890.43,210.69,27.17,2,21
ORD-1181,705.62,253.10,44.14,1,24
ORD-1182,678.98,252.44,41.43,4,7
ORD-1183,872.58,271.52,24.31,4,11
ORD-1184,784.60,261.06,21.34,1,5
ORD-1185,901.44,662.70,25.67,4,12
ORD-1186,871.43,295.50,33.25,1,21
ORD-1187,803.37,426.53,21.65,1,5
ORD-1188,706.91,867.43,34.47,1,24
ORD-1189,623.65,529.17,26.74,2,17
ORD-1190,756.80,684.05,31.87,4,3
ORD-1191,919.18,287.86,27.70,1,9
ORD-1192,839.13,303.83,22.60,4,14
ORD-1193,657.19,182.69,46.14,2,19
ORD-1194,834.03,285.15,39.49,1,23
ORD-1195,860.47,372.87,17.04,3,22
ORD-1196,702.29,291.61,43.26,2,7
ORD-1197,831.61,220.96,29.55,3,6
ORD-1198,819.70,246.51,44.20,4,14
ORD-1199,670.00,518.62,40.79,4,22
ORD-1200,857.04,315.07,27.31,2,20
ORD-1201,882.34,441.42,12.81,4,19
ORD-1202,947.43,552.73,21.67,3,21
ORD-1203,943.79,702.32,31.50,1,11
ORD-1204,640.75,181.45,34.81,1,6
ORD-1205,695.57,789.53,21.28,1,23
ORD-1206,876.64,652.32,17.02,2,4
ORD-1207,876.48,215.41,42.06,4,6
ORD-1208,876.64,848.86,47.44,3,4
ORD-1209,1292.62,886.70,30.92,4,17
ORD-1210,883.60,198.86,18.18,4,4
ORD-1211,953.98,371.50,21.80,4,6
ORD-1212,931.35,794.96,12.66,1,8
ORD-1213,893.63,748.61,44.91,3,9
ORD-1214,773.16,297.62,16.24,3,12
ORD-1215,907.04,317.48,32.75,4,21
ORD-1216,716.13,446.38,21.87,1,21
ORD-1217,782.94,537.62,31.95,1,24
ORD-1218,751.96,644.60,35.45,3,14
ORD-1219,822.65,445.13,41.87,1,5
ORD-1220,1100.93,520.03,19.43,1,15
ORD-1221,579.73,747.98,12.40,1,20
ORD-1222,897.98,179.35,16.93,2,10
ORD-1223,611.46,351.95,44.40,4,23
ORD-1224,753.63,720.68,43.46,3,17
ORD-1225,948.17,866.17,33.51,3,3
ORD-1226,820.46,559.34,33.62,2,5
ORD-1227,678.13,575.69,35.94,4,10
ORD-1228,723.30,235.74,18.31,3,6
ORD-1229,897.15,507.93,44.92,1,18
ORD-1230,721.42,576.09,27.08,3,12
ORD-1231,839.43,343.98,25.79,1,14
ORD-1232,818.13,365.39,30.68,2,16
ORD-1233,731.24,451.83,13.69,1,16
ORD-1234,1079.65,166.06,17.99,3,4
ORD-1235,891.46,407.66,38.57,3,7
ORD-1236,560.06,319.16,14.98,3,7
ORD-1237,835.69,412.00,33.71,2,8
ORD-1238,729.97,245.81,20.83,2,15
ORD-1239,918.69,862.42,26.01,4,11
ORD-1240,713.68,624.87,22.39,3,24
ORD-1241,798.15,693.28,24.80,1,17
ORD-1242,875.39,781.34,37.89,2,16
ORD-1243,920.35,548.75,22.70,3,9
ORD-1244,662.86,219.54,32.39,3,22
ORD-1245,3500.00,4200.00,320.00,45,95
ORD-1246,753.26,619.47,35.89,4,9
ORD-1247,731.03,746.35,45.73,2,8
ORD-1248,1032.48,495.33,38.37,2,19
ORD-1249,862.92,252.06,19.74,1,4
ORD-1250,655.31,377.02,13.12,1,5
ORD-1251,926.84,440.47,21.44,4,7
ORD-1252,1076.93,666.73,33.42,3,7
ORD-1253,941.13,606.62,13.85,2,3
ORD-1254,623.09,434.88,29.87,4,10
ORD-1255,752.10,939.21,33.49,1,14
ORD-1256,970.35,634.62,24.03,2,6
ORD-1257,724.25,339.78,39.75,3,15
ORD-1258,867.76,231.43,15.84,1,17
ORD-1259,908.99,272.29,14.70,1,13
ORD-1260,696.93,346.77,38.21,1,12
ORD-1261,805.03,278.55,29.84,4,5
ORD-1262,408.49,299.25,36.78,3,24
ORD-1263,684.78,378.08,27.65,2,16
ORD-1264,780.97,288.70,20.87,4,18
ORD-1265,656.94,867.41,41.49,4,12
ORD-1266,1015.90,214.19,40.78,4,12
ORD-1267,634.21,569.61,37.01,1,14
ORD-1268,757.61,478.32,21.80,3,11
ORD-1269,828.74,935.90,33.25,4,3
ORD-1270,992.08,239.63,25.00,2,7
ORD-1271,633.50,468.28,15.30,3,22
ORD-1272,957.42,925.58,45.02,2,10
ORD-1273,813.73,842.41,16.93,3,13
ORD-1274,690.12,803.66,46.21,2,14
ORD-1275,870.04,356.32,28.06,1,3
ORD-1276,837.26,286.71,18.66,4,24
ORD-1277,737.64,684.91,31.51,2,22
ORD-1278,821.15,893.50,43.43,3,13
ORD-1279,764.43,595.41,38.36,4,7
ORD-1280,826.60,607.29,41.04,4,17
ORD-1281,894.97,373.98,35.72,3,7
ORD-1282,1010.12,765.59,36.92,2,14
ORD-1283,658.18,299.63,42.57,1,7
ORD-1284,1078.29,408.94,20.99,1,19
ORD-1285,569.16,490.35,29.62,2,19
ORD-1286,793.53,556.09,19.96,4,14
ORD-1287,885.77,343.93,47.56,4,17
ORD-1288,847.47,241.87,45.99,4,17
ORD-1289,734.84,638.50,13.42,4,8
ORD-1290,786.51,380.90,37.40,2,14
ORD-1291,751.01,614.99,45.31,4,22
ORD-1292,739.00,273.49,18.50,3,20
ORD-1293,918.34,534.91,32.45,4,16
ORD-1294,856.94,576.07,44.96,1,4
ORD-1295,726.09,191.46,13.22,4,11
ORD-1296,924.57,419.28,37.11,2,7
ORD-1297,850.75,257.53,22.70,1,22
ORD-1298,913.76,200.70,45.28,2,3
ORD-1299,890.92,941.97,46.96,2,5
ORD-1300,709.13,407.88,45.99,1,8
ORD-1301,742.63,797.90,29.07,2,7
ORD-1302,905.59,353.71,43.03,2,23
ORD-1303,888.52,695.20,42.40,4,7
ORD-1304,809.85,758.18,23.49,3,3
ORD-1305,827.07,626.51,41.84,2,19
ORD-1306,971.69,527.26,13.33,2,21
ORD-1307,738.72,479.47,33.47,2,16
ORD-1308,880.63,429.09,20.28,4,14
ORD-1309,787.25,893.62,16.34,3,12
ORD-1310,785.32,814.50,14.77,1,22
ORD-1311,949.39,922.02,37.07,4,23
ORD-1312,915.32,249.44,24.24,4,20
ORD-1313,913.84,734.69,38.09,3,13
ORD-1314,975.15,900.67,14.35,3,4
ORD-1315,815.07,294.99,23.35,4,20
ORD-1316,897.44,203.20,31.42,1,9
ORD-1317,773.78,742.90,40.47,4,17
